{
    "name": "root",
    "gauges": {
        "HunterController.Policy.Entropy.mean": {
            "value": 1.4330437183380127,
            "min": 1.420079231262207,
            "max": 1.4352468252182007,
            "count": 11
        },
        "HunterController.Policy.Entropy.sum": {
            "value": 71356.9765625,
            "min": 69982.28125,
            "max": 79481.8359375,
            "count": 11
        },
        "HunterController.Environment.EpisodeLength.mean": {
            "value": 24.32681420483788,
            "min": 24.32681420483788,
            "max": 240.62587412587413,
            "count": 11
        },
        "HunterController.Environment.EpisodeLength.sum": {
            "value": 47267.0,
            "min": 17274.0,
            "max": 68819.0,
            "count": 11
        },
        "HunterController.Step.mean": {
            "value": 549996.0,
            "min": 49982.0,
            "max": 549996.0,
            "count": 11
        },
        "HunterController.Step.sum": {
            "value": 549996.0,
            "min": 49982.0,
            "max": 549996.0,
            "count": 11
        },
        "HunterController.Policy.ExtrinsicValueEstimate.mean": {
            "value": 2.154322385787964,
            "min": -0.1997528225183487,
            "max": 2.154322385787964,
            "count": 11
        },
        "HunterController.Policy.ExtrinsicValueEstimate.sum": {
            "value": 4353.8857421875,
            "min": -175.98223876953125,
            "max": 4353.8857421875,
            "count": 11
        },
        "HunterController.Environment.CumulativeReward.mean": {
            "value": 6.1496913580246915,
            "min": -1.3520408163265305,
            "max": 6.330668189605939,
            "count": 11
        },
        "HunterController.Environment.CumulativeReward.sum": {
            "value": 11955.0,
            "min": -265.0,
            "max": 11955.0,
            "count": 11
        },
        "HunterController.Policy.ExtrinsicReward.mean": {
            "value": 6.1496913580246915,
            "min": -1.3520408163265305,
            "max": 6.330668189605939,
            "count": 11
        },
        "HunterController.Policy.ExtrinsicReward.sum": {
            "value": 11955.0,
            "min": -265.0,
            "max": 11955.0,
            "count": 11
        },
        "HunterController.Losses.PolicyLoss.mean": {
            "value": 0.025061917866793616,
            "min": 0.02134023954951607,
            "max": 0.027402782806849716,
            "count": 11
        },
        "HunterController.Losses.PolicyLoss.sum": {
            "value": 0.12530958933396807,
            "min": 0.08536095819806427,
            "max": 0.12704119458018492,
            "count": 11
        },
        "HunterController.Losses.ValueLoss.mean": {
            "value": 7.00696288426717,
            "min": 1.1113940828225828,
            "max": 7.00696288426717,
            "count": 11
        },
        "HunterController.Losses.ValueLoss.sum": {
            "value": 35.03481442133585,
            "min": 4.445576331290331,
            "max": 35.03481442133585,
            "count": 11
        },
        "HunterController.Policy.LearningRate.mean": {
            "value": 0.00022141190619604,
            "min": 0.00022141190619604,
            "max": 0.00029581155139615,
            "count": 11
        },
        "HunterController.Policy.LearningRate.sum": {
            "value": 0.0011070595309802,
            "min": 0.0009751605749464999,
            "max": 0.00140782998072335,
            "count": 11
        },
        "HunterController.Policy.Epsilon.mean": {
            "value": 0.17380396,
            "min": 0.17380396,
            "max": 0.19860385000000003,
            "count": 11
        },
        "HunterController.Policy.Epsilon.sum": {
            "value": 0.8690198,
            "min": 0.7250535,
            "max": 0.9692766499999999,
            "count": 11
        },
        "HunterController.Policy.Beta.mean": {
            "value": 0.0036928176040000003,
            "min": 0.0036928176040000003,
            "max": 0.004930332115000001,
            "count": 11
        },
        "HunterController.Policy.Beta.sum": {
            "value": 0.01846408802,
            "min": 0.01626016965,
            "max": 0.023466904835,
            "count": 11
        },
        "HunterController.IsTraining.mean": {
            "value": 1.0,
            "min": 1.0,
            "max": 1.0,
            "count": 11
        },
        "HunterController.IsTraining.sum": {
            "value": 1.0,
            "min": 1.0,
            "max": 1.0,
            "count": 11
        },
        "AgentController.Policy.Entropy.mean": {
            "value": 1.338289737701416,
            "min": 1.338289737701416,
            "max": 1.4189192056655884,
            "count": 11
        },
        "AgentController.Policy.Entropy.sum": {
            "value": 66638.796875,
            "min": 66638.796875,
            "max": 79416.90625,
            "count": 11
        },
        "AgentController.Environment.EpisodeLength.mean": {
            "value": 24.32681420483788,
            "min": 24.32681420483788,
            "max": 240.62587412587413,
            "count": 11
        },
        "AgentController.Environment.EpisodeLength.sum": {
            "value": 47267.0,
            "min": 17274.0,
            "max": 68819.0,
            "count": 11
        },
        "AgentController.Step.mean": {
            "value": 549996.0,
            "min": 49982.0,
            "max": 549996.0,
            "count": 11
        },
        "AgentController.Step.sum": {
            "value": 549996.0,
            "min": 49982.0,
            "max": 549996.0,
            "count": 11
        },
        "AgentController.Policy.ExtrinsicValueEstimate.mean": {
            "value": 12.56835651397705,
            "min": 0.2042761743068695,
            "max": 12.56835651397705,
            "count": 11
        },
        "AgentController.Policy.ExtrinsicValueEstimate.sum": {
            "value": 25400.6484375,
            "min": 179.96731567382812,
            "max": 25400.6484375,
            "count": 11
        },
        "AgentController.Environment.CumulativeReward.mean": {
            "value": 42.64711934156379,
            "min": 3.8214285714285716,
            "max": 45.835087719298244,
            "count": 11
        },
        "AgentController.Environment.CumulativeReward.sum": {
            "value": 82906.0,
            "min": 749.0,
            "max": 82906.0,
            "count": 11
        },
        "AgentController.Policy.ExtrinsicReward.mean": {
            "value": 42.64711934156379,
            "min": 3.8214285714285716,
            "max": 45.835087719298244,
            "count": 11
        },
        "AgentController.Policy.ExtrinsicReward.sum": {
            "value": 82906.0,
            "min": 749.0,
            "max": 82906.0,
            "count": 11
        },
        "AgentController.Losses.PolicyLoss.mean": {
            "value": 0.020311293355213516,
            "min": 0.020311293355213516,
            "max": 0.025277527650663007,
            "count": 11
        },
        "AgentController.Losses.PolicyLoss.sum": {
            "value": 0.10155646677606758,
            "min": 0.09251689673110378,
            "max": 0.12638763825331503,
            "count": 11
        },
        "AgentController.Losses.ValueLoss.mean": {
            "value": 20.21512222290039,
            "min": 4.585573354995613,
            "max": 20.21512222290039,
            "count": 11
        },
        "AgentController.Losses.ValueLoss.sum": {
            "value": 101.07561111450195,
            "min": 18.34229341998245,
            "max": 101.07561111450195,
            "count": 11
        },
        "AgentController.Policy.LearningRate.mean": {
            "value": 0.00022141190619604,
            "min": 0.00022141190619604,
            "max": 0.00029581155139615,