{
    "name": "root",
    "gauges": {
        "AgentController.Policy.Entropy.mean": {
            "value": 1.4162161350250244,
            "min": 1.4162161350250244,
            "max": 1.4231517314910889,
            "count": 3
        },
        "AgentController.Policy.Entropy.sum": {
            "value": 70245.734375,
            "min": 70245.734375,
            "max": 79379.1328125,
            "count": 3
        },
        "AgentController.Environment.EpisodeLength.mean": {
            "value": 73.9957805907173,
            "min": 73.9957805907173,
            "max": 164.75829383886256,
            "count": 3
        },
        "AgentController.Environment.EpisodeLength.sum": {
            "value": 52611.0,
            "min": 22247.0,
            "max": 69528.0,
            "count": 3
        },
        "AgentController.Step.mean": {
            "value": 149995.0,
            "min": 49995.0,
            "max": 149995.0,
            "count": 3
        },
        "AgentController.Step.sum": {
            "value": 149995.0,
            "min": 49995.0,
            "max": 149995.0,
            "count": 3
        },
        "AgentController.Policy.ExtrinsicValueEstimate.mean": {
            "value": 4.582917213439941,
            "min": 0.4112668037414551,
            "max": 4.582917213439941,
            "count": 3
        },
        "AgentController.Policy.ExtrinsicValueEstimate.sum": {
            "value": 5279.5205078125,
            "min": 368.90631103515625,
            "max": 5279.5205078125,
            "count": 3
        },
        "AgentController.Environment.CumulativeReward.mean": {
            "value": 42.648382559774966,
            "min": 8.899122807017545,
            "max": 42.648382559774966,
            "count": 3
        },
        "AgentController.Environment.CumulativeReward.sum": {
            "value": 30323.0,
            "min": 2029.0,
            "max": 30323.0,
            "count": 3
        },
        "AgentController.Policy.ExtrinsicReward.mean": {
            "value": 42.648382559774966,
            "min": 8.899122807017545,
            "max": 42.648382559774966,
            "count": 3
        },
        "AgentController.Policy.ExtrinsicReward.sum": {
            "value": 30323.0,
            "min": 2029.0,
            "max": 30323.0,
            "count": 3
        },
        "AgentController.Losses.PolicyLoss.mean": {
            "value": 0.025073029794342193,
            "min": 0.02315145295102742,
            "max": 0.025073029794342193,
            "count": 3
        },
        "AgentController.Losses.PolicyLoss.sum": {
            "value": 0.12536514897171097,
            "min": 0.09260581180410968,
            "max": 0.12536514897171097,
            "count": 3
        },
        "AgentController.Losses.ValueLoss.mean": {
            "value": 12.72376781463623,
            "min": 4.937365063753995,
            "max": 12.72376781463623,
            "count": 3
        },
        "AgentController.Losses.ValueLoss.sum": {
            "value": 63.61883907318115,
            "min": 19.74946025501598,
            "max": 63.61883907318115,
            "count": 3
        },
        "AgentController.Policy.LearningRate.mean": {
            "value": 0.00028184775605074995,
            "min": 0.00028184775605074995,
            "max": 0.00029579580140139995,
            "count": 3
        },
        "AgentController.Policy.LearningRate.sum": {
            "value": 0.0014092387802537498,
            "min": 0.0011554500148499998,
            "max": 0.0014092387802537498,
            "count": 3
        },
        "AgentController.Policy.Epsilon.mean": {
            "value": 0.19394924999999996,
            "min": 0.19394924999999996,
            "max": 0.19859860000000001,
            "count": 3
        },
        "AgentController.Policy.Epsilon.sum": {
            "value": 0.9697462499999998,
            "min": 0.78515,
            "max": 0.9697462499999998,
            "count": 3
        },
        "AgentController.Policy.Beta.mean": {
            "value": 0.004698067575000001,
            "min": 0.004698067575000001,
            "max": 0.004930070139999999,
            "count": 3
        },
        "AgentController.Policy.Beta.sum": {
            "value": 0.023490337875000003,
            "min": 0.019258985,
            "max": 0.023490337875000003,
            "count": 3
        },
        "AgentController.IsTraining.mean": {
            "value": 1.0,
            "min": 1.0,
            "max": 1.0,
            "count": 3
        },
        "AgentController.IsTraining.sum": {
            "value": 1.0,
            "min": 1.0,
            "max": 1.0,
            "count": 3
        },
        "HunterController.Policy.Entropy.mean": {
            "value": 1.425933599472046,
            "min": 1.4177653789520264,
            "max": 1.425933599472046,
            "count": 3
        },
        "HunterController.Policy.Entropy.sum": {
            "value": 70727.734375,
            "min": 70322.578125,
            "max": 79107.6796875,
            "count": 3
        },
        "HunterController.Environment.EpisodeLength.mean": {
            "value": 73.9957805907173,
            "min": 73.9957805907173,
            "max": 164.75829383886256,
            "count": 3
        },
        "HunterController.Environment.EpisodeLength.sum": {
            "value": 52611.0,
            "min": 22247.0,
            "max": 69528.0,
            "count": 3
        },
        "HunterController.Step.mean": {
            "value": 149995.0,
            "min": 49995.0,
            "max": 149995.0,
            "count": 3
        },
        "HunterController.Step.sum": {
            "value": 149995.0,
            "min": 49995.0,
            "max": 149995.0,
            "count": 3
        },
        "HunterController.Policy.ExtrinsicValueEstimate.mean": {
            "value": 0.7887029647827148,
            "min": -0.36441078782081604,
            "max": 0.7887029647827148,
            "count": 3
        },
        "HunterController.Policy.ExtrinsicValueEstimate.sum": {
            "value": 908.5858154296875,
            "min": -326.87646484375,
            "max": 908.5858154296875,
            "count": 3
        },
        "HunterController.Environment.CumulativeReward.mean": {
            "value": 5.513361462728551,
            "min": -1.25,
            "max": 5.513361462728551,
            "count": 3
        },
        "HunterController.Environment.CumulativeReward.sum": {
            "value": 3920.0,
            "min": -285.0,
            "max": 3920.0,
            "count": 3
        },
        "HunterController.Policy.ExtrinsicReward.mean": {
            "value": 5.513361462728551,
            "min": -1.25,
            "max": 5.513361462728551,
            "count": 3
        },
        "HunterController.Policy.ExtrinsicReward.sum": {
            "value": 3920.0,
            "min": -285.0,
            "max": 3920.0,
            "count": 3
        },
        "HunterController.Losses.PolicyLoss.mean": {
            "value": 0.025161161010037174,
            "min": 0.024121826678443044,
            "max": 0.02610854387810722,
            "count": 3
        },
        "HunterController.Losses.PolicyLoss.sum": {
            "value": 0.12580580505018588,
            "min": 0.09648730671377218,
            "max": 0.12580580505018588,
            "count": 3
        },
        "HunterController.Losses.ValueLoss.mean": {
            "value": 2.8686648925145466,
            "min": 1.4376452314582737,
            "max": 2.8686648925145466,
            "count": 3
        },
        "HunterController.Losses.ValueLoss.sum": {
            "value": 14.343324462572733,
            "min": 5.750580925833095,
            "max": 14.343324462572733,
            "count": 3
        },
        "HunterController.Policy.LearningRate.mean": {
            "value": 0.00028184775605074995,
            "min": 0.00028184775605074995,
            "max": 0.00029579580140139995,