{
    "name": "root",
    "gauges": {
        "AgentController.Policy.Entropy.mean": {
            "value": 1.4230773448944092,
            "min": 1.4182554483413696,
            "max": 1.4230773448944092,
            "count": 3
        },
        "AgentController.Policy.Entropy.sum": {
            "value": 70860.7109375,
            "min": 70860.7109375,
            "max": 82058.359375,
            "count": 3
        },
        "AgentController.Step.mean": {
            "value": 149991.0,
            "min": 49943.0,
            "max": 149991.0,
            "count": 3
        },
        "AgentController.Step.sum": {
            "value": 149991.0,
            "min": 49943.0,
            "max": 149991.0,
            "count": 3
        },
        "AgentController.Policy.ExtrinsicValueEstimate.mean": {
            "value": -0.08562656491994858,
            "min": -0.1681881844997406,
            "max": 0.052334144711494446,
            "count": 3
        },
        "AgentController.Policy.ExtrinsicValueEstimate.sum": {
            "value": -77.66329193115234,
            "min": -151.201171875,
            "max": 40.92530059814453,
            "count": 3
        },
        "AgentController.Environment.EpisodeLength.mean": {
            "value": 441.0610687022901,
            "min": 100.75,
            "max": 442.3484848484849,
            "count": 3
        },
        "AgentController.Environment.EpisodeLength.sum": {
            "value": 57779.0,
            "min": 403.0,
            "max": 58390.0,
            "count": 3
        },
        "AgentController.Environment.CumulativeReward.mean": {
            "value": -14.312977099236642,
            "min": -14.312977099236642,
            "max": 15.0,
            "count": 3
        },
        "AgentController.Environment.CumulativeReward.sum": {
            "value": -1875.0,
            "min": -1875.0,
            "max": 60.0,
            "count": 3
        },
        "AgentController.Policy.ExtrinsicReward.mean": {
            "value": -14.312977099236642,
            "min": -14.312977099236642,
            "max": 15.0,
            "count": 3
        },
        "AgentController.Policy.ExtrinsicReward.sum": {
            "value": -1875.0,
            "min": -1875.0,
            "max": 60.0,
            "count": 3
        },
        "AgentController.Losses.PolicyLoss.mean": {
            "value": 0.023523451388528984,
            "min": 0.023364480871047515,
            "max": 0.023956200100656133,
            "count": 3
        },
        "AgentController.Losses.PolicyLoss.sum": {
            "value": 0.07057035416558695,
            "min": 0.07009344261314254,
            "max": 0.0718686003019684,
            "count": 3
        },
        "AgentController.Losses.ValueLoss.mean": {
            "value": 1.058238437268301,
            "min": 0.0563372565084137,
            "max": 1.737368522616129,
            "count": 3
        },
        "AgentController.Losses.ValueLoss.sum": {
            "value": 3.1747153118049027,
            "min": 0.1690117695252411,
            "max": 5.212105567848387,
            "count": 3
        },
        "AgentController.Policy.LearningRate.mean": {
            "value": 0.00028004680665106663,
            "min": 0.00028004680665106663,
            "max": 0.00029505085164971667,
            "count": 3
        },
        "AgentController.Policy.LearningRate.sum": {
            "value": 0.0008401404199531999,
            "min": 0.0008401404199531999,
            "max": 0.0008851525549491499,
            "count": 3
        },
        "AgentController.Policy.Epsilon.mean": {
            "value": 0.19334893333333333,
            "min": 0.19334893333333333,
            "max": 0.19835028333333335,
            "count": 3
        },
        "AgentController.Policy.Epsilon.sum": {
            "value": 0.5800468,
            "min": 0.5800468,
            "max": 0.59505085,
            "count": 3
        },
        "AgentController.Policy.Beta.mean": {
            "value": 0.004668111773333333,
            "min": 0.004668111773333333,
            "max": 0.004917679138333333,
            "count": 3
        },
        "AgentController.Policy.Beta.sum": {
            "value": 0.014004335319999998,
            "min": 0.014004335319999998,
            "max": 0.014753037415,
            "count": 3
        },
        "AgentController.IsTraining.mean": {
            "value": 1.0,
            "min": 1.0,
            "max": 1.0,
            "count": 3
        },
        "AgentController.IsTraining.sum": {
            "value": 1.0,
            "min": 1.0,
            "max": 1.0,
            "count": 3
        },
        "HunterController.Policy.Entropy.mean": {
            "value": -1.1920928244535389e-07,
            "min": -1.1920928244535389e-07,
            "max": -1.1920928244535389e-07,
            "count": 3
        },
        "HunterController.Policy.Entropy.sum": {
            "value": -0.005935906898230314,
            "min": -0.006889342796057463,
            "max": -0.005935906898230314,
            "count": 3
        },
        "HunterController.Step.mean": {
            "value": 149991.0,
            "min": 49943.0,
            "max": 149991.0,
            "count": 3
        },
        "HunterController.Step.sum": {
            "value": 149991.0,
            "min": 49943.0,
            "max": 149991.0,
            "count": 3
        },
        "HunterController.Policy.ExtrinsicValueEstimate.mean": {
            "value": -0.09368253499269485,
            "min": -0.12911266088485718,
            "max": 0.020919999107718468,
            "count": 3
        },
        "HunterController.Policy.ExtrinsicValueEstimate.sum": {
            "value": -84.97006225585938,
            "min": -116.07228088378906,
            "max": 16.359439849853516,
            "count": 3
        },
        "HunterController.Environment.EpisodeLength.mean": {
            "value": 441.0610687022901,
            "min": 100.75,
            "max": 442.3484848484849,
            "count": 3
        },
        "HunterController.Environment.EpisodeLength.sum": {
            "value": 57779.0,
            "min": 403.0,
            "max": 58390.0,
            "count": 3
        },
        "HunterController.Environment.CumulativeReward.mean": {
            "value": -14.312977099236642,
            "min": -14.312977099236642,
            "max": 15.0,
            "count": 3
        },
        "HunterController.Environment.CumulativeReward.sum": {
            "value": -1875.0,
            "min": -1875.0,
            "max": 60.0,
            "count": 3
        },
        "HunterController.Policy.ExtrinsicReward.mean": {
            "value": -14.312977099236642,
            "min": -14.312977099236642,
            "max": 15.0,
            "count": 3
        },
        "HunterController.Policy.ExtrinsicReward.sum": {
            "value": -1875.0,
            "min": -1875.0,
            "max": 60.0,
            "count": 3
        },
        "HunterController.Losses.PolicyLoss.mean": {
            "value": 0.024465122727431465,
            "min": 0.02293396132881753,
            "max": 0.02447330009696695,
            "count": 3
        },
        "HunterController.Losses.PolicyLoss.sum": {
            "value": 0.07339536818229439,
            "min": 0.0688018839864526,
            "max": 0.07341990029090084,
            "count": 3
        },
        "HunterController.Losses.ValueLoss.mean": {
            "value": 1.0535084406235709,
            "min": 0.059044819659902714,
            "max": 1.7540569482613746,
            "count": 3
        },
        "HunterController.Losses.ValueLoss.sum": {
            "value": 3.1605253218707126,
            "min": 0.17713445897970814,
            "max": 5.262170844784124,
            "count": 3
        },
        "HunterController.Policy.LearningRate.mean": {
            "value": 0.00028004680665106663,
            "min": 0.00028004680665106663,
            "max": 0.00029505085164971667,