{
    "name": "root",
    "gauges": {
        "AgentController.Policy.Entropy.mean": {
            "value": 1.4340635538101196,
            "min": 1.4184880256652832,
            "max": 1.4340635538101196,
            "count": 3
        },
        "AgentController.Policy.Entropy.sum": {
            "value": 72973.7578125,
            "min": 70257.96875,
            "max": 93325.1640625,
            "count": 3
        },
        "AgentController.Step.mean": {
            "value": 149990.0,
            "min": 49996.0,
            "max": 149990.0,
            "count": 3
        },
        "AgentController.Step.sum": {
            "value": 149990.0,
            "min": 49996.0,
            "max": 149990.0,
            "count": 3
        },
        "AgentController.Policy.ExtrinsicValueEstimate.mean": {
            "value": -0.22600121796131134,
            "min": -0.22600121796131134,
            "max": 0.18439365923404694,
            "count": 3
        },
        "AgentController.Policy.ExtrinsicValueEstimate.sum": {
            "value": -229.1652374267578,
            "min": -229.1652374267578,
            "max": 144.1958465576172,
            "count": 3
        },
        "AgentController.Losses.PolicyLoss.mean": {
            "value": 0.026275438842977783,
            "min": 0.024044930866794958,
            "max": 0.026275438842977783,
            "count": 3
        },
        "AgentController.Losses.PolicyLoss.sum": {
            "value": 0.07882631652893335,
            "min": 0.07213479260038487,
            "max": 0.07882631652893335,
            "count": 3
        },
        "AgentController.Losses.ValueLoss.mean": {
            "value": 3.1035805122564555,
            "min": 0.03342432666310439,
            "max": 3.1035805122564555,
            "count": 3
        },
        "AgentController.Losses.ValueLoss.sum": {
            "value": 9.310741536769367,
            "min": 0.10027297998931317,
            "max": 9.310741536769367,
            "count": 3
        },
        "AgentController.Policy.LearningRate.mean": {
            "value": 0.00028011095662968326,
            "min": 0.00028011095662968326,
            "max": 0.000295068001644,
            "count": 3
        },
        "AgentController.Policy.LearningRate.sum": {
            "value": 0.0008403328698890498,
            "min": 0.0008403328698890498,
            "max": 0.000885204004932,
            "count": 3
        },
        "AgentController.Policy.Epsilon.mean": {
            "value": 0.19337031666666668,
            "min": 0.19337031666666668,
            "max": 0.198356,
            "count": 3
        },
        "AgentController.Policy.Epsilon.sum": {
            "value": 0.58011095,
            "min": 0.58011095,
            "max": 0.595068,
            "count": 3
        },
        "AgentController.Policy.Beta.mean": {
            "value": 0.004669178801666667,
            "min": 0.004669178801666667,
            "max": 0.0049179644,
            "count": 3
        },
        "AgentController.Policy.Beta.sum": {
            "value": 0.014007536405,
            "min": 0.014007536405,
            "max": 0.0147538932,
            "count": 3
        },
        "AgentController.Environment.EpisodeLength.mean": {
            "value": 450.2829457364341,
            "min": 100.5,
            "max": 450.2829457364341,
            "count": 3
        },
        "AgentController.Environment.EpisodeLength.sum": {
            "value": 116173.0,
            "min": 201.0,
            "max": 116173.0,
            "count": 3
        },
        "AgentController.Environment.CumulativeReward.mean": {
            "value": -14.457364341085272,
            "min": -14.457364341085272,
            "max": 15.0,
            "count": 3
        },
        "AgentController.Environment.CumulativeReward.sum": {
            "value": -3730.0,
            "min": -3730.0,
            "max": 30.0,
            "count": 3
        },
        "AgentController.Policy.ExtrinsicReward.mean": {
            "value": -14.457364341085272,
            "min": -14.457364341085272,
            "max": 15.0,
            "count": 3
        },
        "AgentController.Policy.ExtrinsicReward.sum": {
            "value": -3730.0,
            "min": -3730.0,
            "max": 30.0,
            "count": 3
        },
        "AgentController.IsTraining.mean": {
            "value": 1.0,
            "min": 1.0,
            "max": 1.0,
            "count": 3
        },
        "AgentController.IsTraining.sum": {
            "value": 1.0,
            "min": 1.0,
            "max": 1.0,
            "count": 3
        },
        "HunterController.Policy.Entropy.mean": {
            "value": -1.1920928244535389e-07,
            "min": -1.1920928244535389e-07,
            "max": -1.1920927533992653e-07,
            "count": 3
        },
        "HunterController.Policy.Entropy.sum": {
            "value": -0.006066083442419767,
            "min": -0.007843016646802425,
            "max": -0.005882262717932463,
            "count": 3
        },
        "HunterController.Step.mean": {
            "value": 149990.0,
            "min": 49996.0,
            "max": 149990.0,
            "count": 3
        },
        "HunterController.Step.sum": {
            "value": 149990.0,
            "min": 49996.0,
            "max": 149990.0,
            "count": 3
        },
        "HunterController.Policy.ExtrinsicValueEstimate.mean": {
            "value": -0.21331898868083954,
            "min": -0.21331898868083954,
            "max": 0.0011615636758506298,
            "count": 3
        },
        "HunterController.Policy.ExtrinsicValueEstimate.sum": {
            "value": -216.30545043945312,
            "min": -216.30545043945312,
            "max": 0.9083428382873535,
            "count": 3
        },
        "HunterController.Losses.PolicyLoss.mean": {
            "value": 0.023341623370975464,
            "min": 0.022989553434955373,
            "max": 0.024512737666049764,
            "count": 3
        },
        "HunterController.Losses.PolicyLoss.sum": {
            "value": 0.0700248701129264,
            "min": 0.06896866030486612,
            "max": 0.07353821299814929,
            "count": 3
        },
        "HunterController.Losses.ValueLoss.mean": {
            "value": 3.1463669713540345,
            "min": 0.019654692249282058,
            "max": 3.1463669713540345,
            "count": 3
        },
        "HunterController.Losses.ValueLoss.sum": {
            "value": 9.439100914062104,
            "min": 0.05896407674784617,
            "max": 9.439100914062104,
            "count": 3
        },
        "HunterController.Policy.LearningRate.mean": {
            "value": 0.00028011095662968326,
            "min": 0.00028011095662968326,
            "max": 0.000295068001644,
            "count": 3
        },
        "HunterController.Policy.LearningRate.sum": {
            "value": 0.0008403328698890498,
            "min": 0.0008403328698890498,
            "max": 0.000885204004932,
            "count": 3
        },
        "HunterController.Policy.Epsilon.mean": {
            "value": 0.19337031666666668,
            "min": 0.19337031666666668,
            "max": 0.198356,
            "count": 3
        },
        "HunterController.Policy.Epsilon.sum": {
            "value": 0.58011095,
            "min": 0.58011095,
            "max": 0.595068,
            "count": 3
        },
        "HunterController.Policy.Beta.mean": {
            "value": 0.004669178801666667,
            "min": 0.004669178801666667,
            "max": 0.0049179644,
            "count": 3
        },
        "HunterController.Policy.Beta.sum": {
            "value": 0.014007536405,
            "min": 0.014007536405,
            "max": 0.0147538932,
            "count": 3
        },
        "HunterController.Environment.EpisodeLength.mean": {
            "value": 450.2829457364341,
            "min": 100.5,
            "max": 450.2829457364341,