{
    "name": "root",
    "gauges": {
        "AgentController.Policy.Entropy.mean": {
            "value": 1.4236793518066406,
            "min": 1.4236793518066406,
            "max": 1.4236793518066406,
            "count": 1
        },
        "AgentController.Policy.Entropy.sum": {
            "value": 79408.5625,
            "min": 79408.5625,
            "max": 79408.5625,
            "count": 1
        },
        "AgentController.Environment.EpisodeLength.mean": {
            "value": 116.28235294117647,
            "min": 116.28235294117647,
            "max": 116.28235294117647,
            "count": 1
        },
        "AgentController.Environment.EpisodeLength.sum": {
            "value": 29652.0,
            "min": 29652.0,
            "max": 29652.0,
            "count": 1
        },
        "AgentController.Step.mean": {
            "value": 49959.0,
            "min": 49959.0,
            "max": 49959.0,
            "count": 1
        },
        "AgentController.Step.sum": {
            "value": 49959.0,
            "min": 49959.0,
            "max": 49959.0,
            "count": 1
        },
        "AgentController.Policy.ExtrinsicValueEstimate.mean": {
            "value": 0.6115020513534546,
            "min": 0.6115020513534546,
            "max": 0.6115020513534546,
            "count": 1
        },
        "AgentController.Policy.ExtrinsicValueEstimate.sum": {
            "value": 560.1358642578125,
            "min": 560.1358642578125,
            "max": 560.1358642578125,
            "count": 1
        },
        "AgentController.Environment.CumulativeReward.mean": {
            "value": 21.141732283464567,
            "min": 21.141732283464567,
            "max": 21.141732283464567,
            "count": 1
        },
        "AgentController.Environment.CumulativeReward.sum": {
            "value": 5370.0,
            "min": 5370.0,
            "max": 5370.0,
            "count": 1
        },
        "AgentController.Policy.ExtrinsicReward.mean": {
            "value": 21.141732283464567,
            "min": 21.141732283464567,
            "max": 21.141732283464567,
            "count": 1
        },
        "AgentController.Policy.ExtrinsicReward.sum": {
            "value": 5370.0,
            "min": 5370.0,
            "max": 5370.0,
            "count": 1
        },
        "AgentController.Losses.PolicyLoss.mean": {
            "value": 0.027077404056696897,
            "min": 0.027077404056696897,
            "max": 0.027077404056696897,
            "count": 1
        },
        "AgentController.Losses.PolicyLoss.sum": {
            "value": 0.10830961622678759,
            "min": 0.10830961622678759,
            "max": 0.10830961622678759,
            "count": 1
        },
        "AgentController.Losses.ValueLoss.mean": {
            "value": 5.513075837402633,
            "min": 5.513075837402633,
            "max": 5.513075837402633,
            "count": 1
        },
        "AgentController.Losses.ValueLoss.sum": {
            "value": 22.052303349610533,
            "min": 22.052303349610533,
            "max": 22.052303349610533,
            "count": 1
        },
        "AgentController.Policy.LearningRate.mean": {
            "value": 0.00029570388893203743,
            "min": 0.00029570388893203743,
            "max": 0.00029570388893203743,
            "count": 1
        },
        "AgentController.Policy.LearningRate.sum": {
            "value": 0.0011828155557281497,
            "min": 0.0011828155557281497,
            "max": 0.0011828155557281497,
            "count": 1
        },
        "AgentController.Policy.Epsilon.mean": {
            "value": 0.1985679625,
            "min": 0.1985679625,
            "max": 0.1985679625,
            "count": 1
        },
        "AgentController.Policy.Epsilon.sum": {
            "value": 0.79427185,
            "min": 0.79427185,
            "max": 0.79427185,
            "count": 1
        },
        "AgentController.Policy.Beta.mean": {
            "value": 0.004928541328749999,
            "min": 0.004928541328749999,
            "max": 0.004928541328749999,
            "count": 1
        },
        "AgentController.Policy.Beta.sum": {
            "value": 0.019714165314999997,
            "min": 0.019714165314999997,
            "max": 0.019714165314999997,
            "count": 1
        },
        "AgentController.IsTraining.mean": {
            "value": 1.0,
            "min": 1.0,
            "max": 1.0,
            "count": 1
        },
        "AgentController.IsTraining.sum": {
            "value": 1.0,
            "min": 1.0,
            "max": 1.0,
            "count": 1
        },
        "HunterController.Policy.Entropy.mean": {
            "value": 1.4209457635879517,
            "min": 1.4209457635879517,
            "max": 1.4209457635879517,
            "count": 1
        },
        "HunterController.Policy.Entropy.sum": {
            "value": 79256.09375,
            "min": 79256.09375,
            "max": 79256.09375,
            "count": 1
        },
        "HunterController.Environment.EpisodeLength.mean": {
            "value": 116.28235294117647,
            "min": 116.28235294117647,
            "max": 116.28235294117647,
            "count": 1
        },
        "HunterController.Environment.EpisodeLength.sum": {
            "value": 29652.0,
            "min": 29652.0,
            "max": 29652.0,
            "count": 1
        },
        "HunterController.Step.mean": {
            "value": 49959.0,
            "min": 49959.0,
            "max": 49959.0,
            "count": 1
        },
        "HunterController.Step.sum": {
            "value": 49959.0,
            "min": 49959.0,
            "max": 49959.0,
            "count": 1
        },
        "HunterController.Policy.ExtrinsicValueEstimate.mean": {
            "value": -0.14637702703475952,
            "min": -0.14637702703475952,
            "max": -0.14637702703475952,
            "count": 1
        },
        "HunterController.Policy.ExtrinsicValueEstimate.sum": {
            "value": -134.08135986328125,
            "min": -134.08135986328125,
            "max": -134.08135986328125,
            "count": 1
        },
        "HunterController.Environment.CumulativeReward.mean": {
            "value": -3.0118110236220472,
            "min": -3.0118110236220472,
            "max": -3.0118110236220472,
            "count": 1
        },
        "HunterController.Environment.CumulativeReward.sum": {
            "value": -765.0,
            "min": -765.0,
            "max": -765.0,
            "count": 1
        },
        "HunterController.Policy.ExtrinsicReward.mean": {
            "value": -3.0118110236220472,
            "min": -3.0118110236220472,
            "max": -3.0118110236220472,
            "count": 1
        },
        "HunterController.Policy.ExtrinsicReward.sum": {
            "value": -765.0,
            "min": -765.0,
            "max": -765.0,
            "count": 1
        },
        "HunterController.Losses.PolicyLoss.mean": {
            "value": 0.02280435366639832,
            "min": 0.02280435366639832,
            "max": 0.02280435366639832,
            "count": 1
        },
        "HunterController.Losses.PolicyLoss.sum": {
            "value": 0.09121741466559329,
            "min": 0.09121741466559329,
            "max": 0.09121741466559329,
            "count": 1
        },
        "HunterController.Losses.ValueLoss.mean": {
            "value": 0.76259483751474,
            "min": 0.76259483751474,
            "max": 0.76259483751474,
            "count": 1
        },
        "HunterController.Losses.ValueLoss.sum": {
            "value": 3.05037935005896,
            "min": 3.05037935005896,
            "max": 3.05037935005896,
            "count": 1
        },
        "HunterController.Policy.LearningRate.mean": {
            "value": 0.00029570388893203743,
            "min": 0.00029570388893203743,
            "max": 0.00029570388893203743,