{
    "name": "root",
    "metadata": {
        "timer_format_version": "0.1.0",
        "start_time_seconds": "1738786209",
        "python_version": "3.9.13 (tags/v3.9.13:6de2ca5, May 17 2022, 16:36:42) [MSC v.1929 64 bit (AMD64)]",
        "command_line_arguments": "C:\\Users\\beer\\Unity\\AI\\PelletGrabber\\MLvenv\\Scripts\\mlagents-learn --run-id =MoreMovementRun5",
        "mlagents_version": "0.30.0",
        "mlagents_envs_version": "0.30.0",
        "communication_protocol_version": "1.5.0",
        "pytorch_version": "2.6.0+cpu",
        "numpy_version": "1.21.2",
        "end_time_seconds": "1738786219"
    },
    "total": 9.7894443,
    "count": 1,
    "self": 0.006910500000000042,
    "children": {
        "run_training.setup": {
            "total": 0.02791449999999962,
            "count": 1,
            "self": 0.02791449999999962
        },
        "TrainerController.start_learning": {
            "total": 9.7546193,
            "count": 1,
            "self": 9.649999999794545e-05,
            "children": {
                "TrainerController._reset_env": {
                    "total": 9.7385569,
                    "count": 1,
                    "self": 9.7385569
                },
                "TrainerController.advance": {
                    "total": 0.0043490000000012685,
                    "count": 1,
                    "self": 5.300000001540184e-06,
                    "children": {
                        "env_step": {
                            "total": 0.004343699999999728,
                            "count": 1,
                            "self": 0.0015493000000006418,
                            "children": {
                                "SubprocessEnvManager._take_step": {
                                    "total": 0.0027943999999990865,
                                    "count": 1,
                                    "self": 9.699999999845943e-05,
                                    "children": {
                                        "TorchPolicy.evaluate": {
                                            "total": 0.002697400000000627,
                                            "count": 1,
                                            "self": 0.002697400000000627
                                        }
                                    }
                                }
                            }
                        }
                    }
                },
                "TrainerController._save_models": {
                    "total": 0.01161689999999993,
                    "count": 1,
                    "self": 1.750000000022567e-05,
                    "children": {
                        "RLTrainer._checkpoint": {
                            "total": 0.011599399999999704,
                            "count": 1,
                            "self": 0.011599399999999704
                        }
                    }
                }
            }
        }
    }
}